cuerda,masa_kg,y_0_m,y_90_m,y_180_m,y_n90_m,y_n180_m
1,0.1515,0.003366,0.00324,0.003081,0.003939,0.004119
2,0.1515,0.004875,0.004371,0.004265,0.005114,0.005282
3,0.1515,0.00471,0.00429,0.004039,0.0049,0.00517
4,0.1515,0.003679,0.003449,0.00341,0.004091,0.00426
5,0.1515,0.003605,0.003417,0.00335,0.004071,0.004156
6,0.1515,0.003883,0.003614,0.003344,0.00416,0.0044
